,index,CID,MolecularFormula,MolecularWeight,CanonicalSMILES,Complexity
0,0,11776,C18H15P,262.3,C1=CC=C(C=C1)P(C2=CC=CC=C2)C3=CC=CC=C3,202
1,3,27365,C6H15P,118.16,CCP(CC)CC,25
2,4,13831,C12H27P,202.32,CCCCP(CCCC)CCCC,72
3,7,13956,C21H21P,304.4,CC1=CC=C(C=C1)P(C2=CC=C(C=C2)C)C3=CC=C(C=C3)C,263
4,10,20851,C24H51P,370.6,CCCCCCCCP(CCCCCCCC)CCCCCCCC,188
5,11,87021,C19H15O2P,306.3,C1=CC=C(C=C1)P(C2=CC=CC=C2)C3=CC=CC=C3C(=O)O,340
6,12,621893,C17H14NP,263.27,C1=CC=C(C=C1)P(C2=CC=CC=C2)C3=CC=CC=N3,238
7,18,76001,C3H9O3P,124.08,C(O)P(CO)CO,31
8,19,70071,C21H21O3P,352.4,COC1=CC=C(C=C1)P(C2=CC=C(C=C2)OC)C3=CC=C(C=C3)OC,310
9,20,75806,C18H33P,280.4,C1CCC(CC1)P(C2CCCCC2)C3CCCCC3,202
10,22,119411,C9H15O6P,250.19,C(CP(CCC(=O)O)CCC(=O)O)C(=O)O,222
11,23,603962,C16H13N2P,264.26,C1=CC=C(C=C1)P(C2=CC=CC=N2)C3=CC=CC=N3,248
12,27,69082,C14H15P,214.24,CCP(C1=CC=CC=C1)C2=CC=CC=C2,148
13,28,68983,C3H9P,76.08,CP(C)C,8
14,29,80970,C18H27P,274.4,C1CCC(CC1)P(C2CCCCC2)C3=CC=CC=C3,226
15,30,82101,C21H21P,304.4,C1=CC=C(C=C1)CP(CC2=CC=CC=C2)CC3=CC=CC=C3,235
16,34,143061,C6H12N3P,157.15,C1N2CN3CN1CP(C2)C3,123
17,35,627824,C19H15O2P,306.3,C1=CC=C(C=C1)P(C2=CC=CC=C2)C3=CC=C(C=C3)C(=O)O,332
18,36,78464,C21H21O3P,352.4,COC1=CC=CC=C1P(C2=CC=CC=C2OC)C3=CC=CC=C3OC,334
19,39,69597,C8H11P,138.15,CP(C)C1=CC=CC=C1,72
20,40,70874,C18H12Cl3P,365.6,C1=CC(=CC=C1P(C2=CC=C(C=C2)Cl)C3=CC=C(C=C3)Cl)Cl,275
21,41,73879,C13H13P,200.22,CP(C1=CC=CC=C1)C2=CC=CC=C2,137
22,43,140387,C18H12F3P,316.3,C1=CC(=CC=C1F)P(C2=CC=C(C=C2)F)C3=CC=C(C=C3)F,275
23,44,77639,C9H12N3P,193.19,C(CP(CCC#N)CCC#N)C#N,223
24,46,80271,C21H21P,304.4,CC1=CC=CC=C1P(C2=CC=CC=C2C)C3=CC=CC=C3C,287
25,47,80362,C21H21P,304.4,CC1=CC(=CC=C1)P(C2=CC=CC(=C2)C)C3=CC=CC(=C3)C,287
26,49,82100,C15H17P,228.27,CCCP(C1=CC=CC=C1)C2=CC=CC=C2,160
27,50,201037,C8H11O2P,170.15,C1=CC=C(C=C1)P(CO)CO,98
28,54,74149,C10H15P,166.2,CCP(CC)C1=CC=CC=C1,91
29,55,80102,C16H19P,242.29,CC(C)(C)P(C1=CC=CC=C1)C2=CC=CC=C2,198
30,56,80969,C9H21P,160.24,CC(C)P(C(C)C)C(C)C,65
31,59,137699,C15H15P,226.25,C=CCP(C1=CC=CC=C1)C2=CC=CC=C2,182
32,62,292611,C12H19P,194.25,CCCP(CCC)C1=CC=CC=C1,110
33,63,300563,C18H10F5P,352.2,C1=CC=C(C=C1)P(C2=CC=CC=C2)C3=C(C(=C(C(=C3F)F)F)F)F,363
34,64,316378,C14H23P,222.31,CC(C)(C)P(C1=CC=CC=C1)C(C)(C)C,174
35,71,3333592,C20H20NP,305.4,CN(C)C1=CC=C(C=C1)P(C2=CC=CC=C2)C3=CC=CC=C3,292
36,72,11437688,C20H17P,288.3,C=CC1=CC=C(C=C1)P(C2=CC=CC=C2)C3=CC=CC=C3,286
37,74,83681,C12H27P,202.32,CC(C)(C)P(C(C)(C)C)C(C)(C)C,128
38,76,121600,C18H12Cl3P,365.6,C1=CC(=CC(=C1)Cl)P(C2=CC(=CC=C2)Cl)C3=CC(=CC=C3)Cl,299
39,77,521585,C12H9O3P,232.17,C1=COC(=C1)P(C2=CC=CO2)C3=CC=CO3,198
40,94,87708,C20H29O3PSi,376.5,CCO[Si](CCP(C1=CC=CC=C1)C2=CC=CC=C2)(OCC)OCC,309
41,100,80757,C14H23P,222.31,CCCCP(CCCC)C1=CC=CC=C1,130
42,101,120481,C17H22NP,271.34,CN(C)CCCP(C1=CC=CC=C1)C2=CC=CC=C2,211
43,103,280677,C15H18NP,243.28,C1=CC=C(C=C1)P(CCCN)C2=CC=CC=C2,177
44,104,342156,C12H13N2P,216.22,C1=CC=C(C=C1)P(CCC#N)CCC#N,244
45,109,195868,C18H15O3PS,342.3,C1=CC=C(C=C1)P(C2=CC=CC=C2)C3=CC(=CC=C3)S(=O)(=O)O,443
46,111,69773,C18H14BrP,341.2,C1=CC=C(C=C1)P(C2=CC=CC=C2)C3=CC=C(C=C3)Br,255
47,112,70575,C19H17P,276.3,CC1=CC=C(C=C1)P(C2=CC=CC=C2)C3=CC=CC=C3,250
48,113,75226,C9H21P,160.24,CCCP(CCC)CCC,47
49,114,77831,C18H39P,286.5,CCCCCCP(CCCCCC)CCCCCC,127
50,115,80040,C19H17P,276.3,CC1=CC=CC=C1P(C2=CC=CC=C2)C3=CC=CC=C3,258
51,116,80754,C15H17P,228.27,CC(C)P(C1=CC=CC=C1)C2=CC=CC=C2,170
52,117,80756,C18H21P,268.3,C1CCC(CC1)P(C2=CC=CC=C2)C3=CC=CC=C3,226
53,119,90384,C12H9PS3,280.4,C1=CSC(=C1)P(C2=CC=CS2)C3=CC=CS3,198
54,120,107228,C12H27P,202.32,CC(C)CP(CC(C)C)CC(C)C,92
55,121,112836,C18H14BrP,341.2,C1=CC=C(C=C1)P(C2=CC=CC=C2)C3=CC=CC=C3Br,263
56,122,138827,C12H21N2P,224.28,C1=CC=C(C=C1)P(CCCN)CCCN,139
57,124,140988,C18H12F3P,316.3,C1=CC(=CC(=C1)P(C2=CC=CC(=C2)F)C3=CC=CC(=C3)F)F,299
58,126,141534,C21H21O3P,352.4,COC1=CC(=CC=C1)P(C2=CC=CC(=C2)OC)C3=CC=CC(=C3)OC,334
59,127,258370,C18H13P,260.3,C1=CC=C(C=C1)P2C3=CC=CC=C3C4=CC=CC=C42,285
60,129,450336,C18H15OP,278.3,C1=CC=C(C=C1)P(C2=CC=CC=C2)C3=CC=CC=C3O,263
61,132,518897,C20H19O2P,322.3,COC1=CC=C(C=C1)P(C2=CC=CC=C2)C3=CC=C(C=C3)OC,303
62,134,546251,C13H29P,216.34,CC(C)(C)CP(C(C)(C)C)C(C)(C)C,159
63,135,555002,C10H23P,174.26,CC(C)P(C(C)C)C(C)(C)C,101
64,136,603401,C19H17OP,292.3,COC1=CC=CC=C1P(C2=CC=CC=C2)C3=CC=CC=C3,276
65,137,611860,C19H18NP,291.3,C1=CC=C(C=C1)P(CCC2=CC=CC=N2)C3=CC=CC=C3,263
66,150,2734941,C28H31P,398.5,CC(C)(C)P(C1=C(C2=CC=CC=C2C=C1)C3=CC=CC4=CC=CC=C43)C(C)(C)C,524
67,151,2754316,C19H15OP,290.3,C1=CC=C(C=C1)P(C2=CC=CC=C2)C3=CC=CC=C3C=O,300
68,155,3709176,C15H15O2P,258.25,C1=CC=C(C=C1)P(CCC(=O)O)C2=CC=CC=C2,237
69,161,4190634,C9H21P,160.24,CC(C)(C)P(C)C(C)(C)C,88
70,164,4590862,C19H14NP,287.3,C1=CC=C(C=C1)P(C2=CC=CC=C2)C3=CC=CC=C3C#N,341
71,167,5242583,C18H16NP,277.3,CC1=NC(=CC=C1)P(C2=CC=CC=C2)C3=CC=CC=C3,263
72,168,5250308,C18H16NP,277.3,C1=CC=C(C=C1)P(C2=CC=CC=C2)C3=CC=CC=C3N,263
73,178,10665273,C21H31O2P,346.4,C1CCC(CC1)P(C2CCCCC2)C3=CC=CC=C3C4OCCO4,352
74,190,11033167,C18H15P,277.4,C1=CC=C(C=C1)P(C2=CC=CC=C2)C3=CC=CC=C3,202
75,193,11065346,C15H12N3P,265.25,C1=CC=NC(=C1)P(C2=CC=CC=N2)C3=CC=CC=N3,231
76,197,11175133,C22H28NP,337.4,CC(C)(C)P(C1=CC2=CC=CC=C2N1C3=CC=CC=C3)C(C)(C)C,399
77,205,15145880,C17H22NP,271.34,CC(C)C(CP(C1=CC=CC=C1)C2=CC=CC=C2)N,224
78,207,17909966,C14H27P,226.34,CCP(C1CCCCC1)C2CCCCC2,148
79,208,23414295,C12H20NP,209.27,CCP(CC)C1=CC=C(C=C1)N(C)C,146
80,209,53411821,C26H32NP,389.5,C1CCC(CC1)P(C2CCCCC2)C3=CC4=CC=CC=C4N3C5=CC=CC=C5,457
81,211,57514668,C20H20NP,305.4,CC(C1=CC=CC=C1P(C2=CC=CC=C2)C3=CC=CC=C3)N,302
82,212,71651621,C26H23O2P,398.4,COC1=C(C(=CC=C1)OC)C2=CC=CC=C2P(C3=CC=CC=C3)C4=CC=CC=C4,441
83,214,112263,C24H27P,346.4,CC1=CC(=CC(=C1)P(C2=CC(=CC(=C2)C)C)C3=CC(=CC(=C3)C)C)C,327
84,216,4463278,C15H27P,238.35,C1CCC(C1)P(C2CCCC2)C3CCCC3,169
85,223,70675,C24H30N3P,391.5,CN(C)C1=CC=C(C=C1)P(C2=CC=C(C=C2)N(C)C)C3=CC=C(C=C3)N(C)C,376
86,225,3328702,C18H15OP,278.3,C1=CC=C(C=C1)P(C2=CC=CC=C2)C3=CC=C(C=C3)O,255
87,226,136280,C3F9P,237.99,C(F)(F)(F)P(C(F)(F)F)C(F)(F)F,138
88,238,51676,C14H14BO2P,256.05,B1(OCP(CO1)C2=CC=CC=C2)C3=CC=CC=C3,244
89,239,2783789,C23H25N2P,360.4,C1N(CP(CN1CC2=CC=CC=C2)C3=CC=CC=C3)CC4=CC=CC=C4,369
90,245,130626,C28H19P,386.4,C1=CC=C(C=C1)P(C2=CC=CC=C2)C3=C4C=CC5=CC=CC6=C5C4=C(C=C6)C=C3,527
91,246,142458,C20H32NP,317.4,CN(C)C1=CC=C(C=C1)P(C2CCCCC2)C3CCCCC3,292
92,248,273264,C14H16NP,229.26,C1=CC=C(C=C1)P(CCN)C2=CC=CC=C2,165
93,249,434207,C18H15O3PS,342.3,C1=CC=C(C=C1)P(C2=CC=CC=C2)C3=CC=CC=C3S(=O)(=O)O,443
94,250,560927,C19H29P,288.4,CC1=CC=CC=C1P(C2CCCCC2)C3CCCCC3,258
95,252,2733416,C12H15P,190.22,C=CCP(CC=C)C1=CC=CC=C1,147
96,253,2734144,C24H24NOP,373.4,CC(C)C1COC(=N1)C2=CC=CC=C2P(C3=CC=CC=C3)C4=CC=CC=C4,475
97,255,2734215,C20H27P,298.4,CC(C)(C)P(C1=CC=CC=C1C2=CC=CC=C2)C(C)(C)C,300
98,256,2734216,C24H31P,350.5,C1CCC(CC1)P(C2CCCCC2)C3=CC=CC=C3C4=CC=CC=C4,356
99,257,2734217,C26H36NP,393.5,CN(C)C1=CC=CC=C1C2=CC=CC=C2P(C3CCCCC3)C4CCCCC4,433
100,266,2734936,C22H32NP,341.5,CC(C)(C)P(C1=CC=CC=C1C2=CC=CC=C2N(C)C)C(C)(C)C,376
101,267,2734937,C21H29P,312.4,CC1=CC=CC=C1C2=CC=CC=C2P(C(C)(C)C)C(C)(C)C,332
102,268,2734938,C25H33P,364.5,CC1=CC=CC=C1C2=CC=CC=C2P(C3CCCCC3)C4CCCCC4,388
103,269,2734939,C26H24NP,381.4,CN(C)C1=CC=CC=C1C2=CC=CC=C2P(C3=CC=CC=C3)C4=CC=CC=C4,433
104,278,4643319,C16H31P,254.39,CC(C)(C)P(C1CCCCC1)C2CCCCC2,198
105,290,9937955,C25H26NOP,387.5,CC(C)(C)C1COC(=N1)C2=CC=CC=C2P(C3=CC=CC=C3)C4=CC=CC=C4,509
106,291,10731871,C18H24NP,285.4,CC(C)(C)C(CP(C1=CC=CC=C1)C2=CC=CC=C2)N,254
107,294,10861198,C23H17O2P,356.4,C1=CC=C(C=C1)P(C2=CC=CC=C2)C3=C(C4=CC=CC=C4C=C3)C(=O)O,449
108,303,11006655,C9H21O3P,208.23,C(CO)CP(CCCO)CCCO,81
109,308,11078910,C22H33O2P,360.5,CC1(OCCO1)C2=CC=CC=C2P(C3CCCCC3)C4CCCCC4,390
110,314,11166389,C18H22NP,283.3,C1CCC(C(C1)N)P(C2=CC=CC=C2)C3=CC=CC=C3,263
111,321,11280187,C25H26NP,371.5,C1CCC(CC1)N=CC2=CC=CC=C2P(C3=CC=CC=C3)C4=CC=CC=C4,425
112,324,11370610,C21H22NP,319.4,CN(C)CC1=CC=CC=C1P(C2=CC=CC=C2)C3=CC=CC=C3,313
113,325,11371790,C24H39P,358.5,CCCCP(C12CC3CC(C1)CC(C3)C2)C45CC6CC(C4)CC(C6)C5,408
114,331,11473647,C18H26BrP,353.3,C1CCC(CC1)P(C2CCCCC2)C3=CC=CC=C3Br,263
115,342,11714598,C16H28NP,265.37,CC(C)(C)P(C1=CC=C(C=C1)N(C)C)C(C)(C)C,237
116,351,12140166,C22H30NP,339.5,C1CCC(CC1)P(C2CCCCC2)C3=CC=CN3C4=CC=CC=C4,348
117,357,12976978,C24H19P,338.4,C1=CC=C(C=C1)C2=CC=CC=C2P(C3=CC=CC=C3)C4=CC=CC=C4,356
118,372,16217916,C21H33P,316.5,CC1=CC(=C(C(=C1)C)P(C2CCCCC2)C3CCCCC3)C,297
119,381,19009137,C18H27O3PS,354.4,C1CCC(CC1)P(C2CCCCC2)C3=CC=CC=C3S(=O)(=O)O,443
120,382,21036238,C21H17O4P,364.3,COC(=O)C1=C(C=C(C=C1)C(=O)O)P(C2=CC=CC=C2)C3=CC=CC=C3,464
121,383,21909131,C24H33P,352.5,CC1(CC1(C2=CC=CC=C2)C3=CC=CC=C3)P(C(C)(C)C)C(C)(C)C,422
122,384,23443513,C16H28NP,265.37,CC(C)(C)P(C1=CC=CC=C1N(C)C)C(C)(C)C,245
123,397,53234144,C19H35N2P,322.5,CCN(CC)CC1=NC(=CC=C1)CP(C(C)(C)C)C(C)(C)C,298
124,398,53427790,C16H21O3P,292.31,CC12CC3(OC(O1)(CC(O2)(P3C4=CC=CC=C4)C)C)C,407
125,404,57552996,C8H20NP,161.22,CC(C)P(CCN)C(C)C,73
126,405,57553001,C10H24NP,189.28,CC(C)(C)P(CCN)C(C)(C)C,116
127,407,71309688,C22H22NP,331.4,C1CC(C2=C(C1)C=CC=C2P(C3=CC=CC=C3)C4=CC=CC=C4)N,367
128,408,71310799,C21H33P,316.5,CC(C)C1=CC=C(C=C1)P(C2CCCCC2)C3CCCCC3,286
129,427,3085487,C16H27P,250.36,CCCCCP(CCCCC)C1=CC=CC=C1,151
130,429,11119846,C19H18NP,291.3,C1=CC=C(C=C1)P(C2=CC=CC=C2)C3=CC=CC=C3CN,276
131,432,12483346,C3H9P,85.13,CP(C)C,8
132,444,141533,C27H33P,388.5,CC(C)C1=CC=C(C=C1)P(C2=CC=C(C=C2)C(C)C)C3=CC=C(C=C3)C(C)C,363
133,454,80755,C16H19P,242.29,CCCCP(C1=CC=CC=C1)C2=CC=CC=C2,172
134,458,85471,C9H15P,154.19,C=CCP(CC=C)CC=C,92
135,459,108738,C16H17O2P,272.28,CCOC(=O)CP(C1=CC=CC=C1)C2=CC=CC=C2,250
136,460,111022,C16H19P,242.29,CCC(C)P(C1=CC=CC=C1)C2=CC=CC=C2,184
137,462,137886,C10H13P,164.18,C1CCP(C1)C2=CC=CC=C2,110
138,465,140676,C10H9P,160.15,C1=CC=C(C=C1)P2C=CC=C2,110
139,466,141780,C9H21P,160.24,CCCCP(C)CCCC,53
140,467,142197,C7H11P,126.14,CC1=CP(C=C1C)C,70
141,468,147543,C3H9OP,92.08,CP(C)CO,20
142,470,603920,C19H17P,276.3,C1=CC=C(C=C1)CP(C2=CC=CC=C2)C3=CC=CC=C3,239
143,472,5239018,C22H17P,312.3,C1=CC=C(C=C1)P(C2=CC=CC=C2)C3=CC=CC4=CC=CC=C43,335
144,475,10111046,C24H30N3P,391.5,CN(C)C1=CC=CC=C1P(C2=CC=CC=C2N(C)C)C3=CC=CC=C3N(C)C,400
145,476,11427484,C19H14F3P,330.3,C1=CC=C(C=C1)P(C2=CC=CC=C2)C3=CC=CC(=C3)C(F)(F)F,338
146,478,11500455,C14H10F5P,304.19,C1=CC=C(C=C1)P(C2=CC=CC=C2)C(C(F)(F)F)(F)F,285
147,480,12487824,C13H10F3P,254.19,C1=CC=C(C=C1)P(C2=CC=CC=C2)C(F)(F)F,209
148,481,13093043,C8H5F6P,246.09,C1=CC=C(C=C1)P(C(F)(F)F)C(F)(F)F,188
149,482,15205869,C18H13F2P,298.3,C1=CC=C(C=C1)P(C2=CC=C(C=C2)F)C3=CC=C(C=C3)F,278
150,489,386462,C14H13P,212.23,C1=CC=C(C=C1)P2C3C=CC=CC2C=C3,285
151,491,796908,C14H15OP,230.24,C1=CC=C(C=C1)P(CCO)C2=CC=CC=C2,165
152,493,258371,C18H13OP,276.3,C1=CC=C(C=C1)P2C3=CC=CC=C3OC4=CC=CC=C42,303
153,494,272348,C20H19P,290.3,C1=CC=C(C=C1)CP(CC2=CC=CC=C2)C3=CC=CC=C3,250
154,495,272352,C20H19P,290.3,CC1=CC=C(C=C1)P(C2=CC=CC=C2)C3=CC=C(C=C3)C,269
155,496,329211,C19H17PS,308.4,CSC1=CC=CC=C1P(C2=CC=CC=C2)C3=CC=CC=C3,276
156,501,16227538,C20H17N2P,316.3,CC1=C(N2C=CC=CC2=N1)P(C3=CC=CC=C3)C4=CC=CC=C4,358
157,502,428663,C14H13P,212.23,CCP1C2=CC=CC=C2C3=CC=CC=C31,203
158,503,535207,C4H11P,90.1,CCP(C)C,17
159,505,4130459,C15H21OP,248.3,CC1(CC(=O)CC(P1C2=CC=CC=C2)(C)C)C,280
160,506,5325075,C13H11P,198.2,CP1C2=CC=CC=C2C3=CC=CC=C31,191
161,507,10304870,C12H9O3P,232.17,C1=COC=C1P(C2=COC=C2)C3=COC=C3,198
162,508,14940222,C26H17P,360.4,C1=CC=C(C=C1)P2C3=C(C4=CC=CC=C4C=C3)C5=C2C=CC6=CC=CC=C65,484
163,513,44634514,C19H15N2P,302.3,C1=CC=C(C=C1)P(C2=CC=CC=C2)C3=CN=C4N3C=CC=C4,331
164,515,246550,C15H36N3P,289.44,CCN(CC)CP(CN(CC)CC)CN(CC)CC,157
165,518,3700757,C14H12N3PS,285.31,C1=CC=C(C=C1)P(C2=CC=CC=C2)C3=NN=C(S3)N,262
166,519,205637,C19H21O4P,344.3,CP(CCOC(=O)C1=CC=CC=C1)CCOC(=O)C2=CC=CC=C2,351
167,520,3075135,C21H24N3P,349.4,C1=CN=CC=C1CCP(CCC2=CC=NC=C2)CCC3=CC=NC=C3,282
168,522,264085,C12H17OP,208.24,CP1CCC(CC1)(C2=CC=CC=C2)O,179
169,523,2306611,C14H15N2P,242.26,C1NC2=CC=CC=C2NCP1C3=CC=CC=C3,224
170,526,213209,C18H39O6P,382.5,CC(COC(C)CP(CC(C)OCC(C)O)CC(C)OCC(C)O)O,272
171,560,4200805,C20H19P,290.3,CC1=CC(=CC=C1)P(C2=CC=CC=C2)C3=CC=CC(=C3)C,285
172,561,4420810,C17H19O2P,286.3,CC1=CC(=CC(=C1)P(CCC(=O)O)C2=CC=CC=C2)C,302
173,562,4643321,C14H29P,228.35,CC(C)(C)P(C1CCCCC1)C(C)(C)C,174
174,587,11759772,C24H27P,346.4,CC1=CC(=C(C=C1)P(C2=C(C=C(C=C2)C)C)C3=C(C=C(C=C3)C)C)C,357
175,588,11760420,C24H19O2P,370.4,COC(=O)C1=C(C=CC2=CC=CC=C21)P(C3=CC=CC=C3)C4=CC=CC=C4,463
176,594,11982345,C21H22NP,319.4,CC(C(C1=CC=CC=C1)P(C2=CC=CC=C2)C3=CC=CC=C3)N,309
177,601,15655459,C19H16NOP,305.3,C1=CC=C(C=C1)P(C2=CC=CC=C2)C3=CC=CC=C3C=NO,329
178,609,22925485,C15H22F3P,290.3,CC(C)(C)P(C1=CC=C(C=C1)C(F)(F)F)C(C)(C)C,274
179,613,24949188,C11H25O3PS,268.36,CC(C)(C)P(CCCS(=O)(=O)O)C(C)(C)C,290
180,615,25419069,C12H21O6P,292.26,COC(=O)CCP(CCC(=O)OC)CCC(=O)OC,257
181,616,46176707,C21H22NP,319.4,CC(C(C1=CC=CC=C1)P(C2=CC=CC=C2)C3=CC=CC=C3)N,309
182,617,46177587,C26H24NP,381.4,C1=CC=C(C=C1)C(C(C2=CC=CC=C2)P(C3=CC=CC=C3)C4=CC=CC=C4)N,410
183,622,53411822,C25H31OP,378.5,C1CCC(CC1)P(C2CCCCC2)C3=CC=CC=C3C(=O)C4=CC=CC=C4,439
184,623,53413586,C20H41O3PSi,388.6,CCO[Si](CCP(C1CCCCC1)C2CCCCC2)(OCC)OCC,309
185,624,53430915,C21H27N2P,338.4,CC(C)(C)P(C1=CC=NN1C2=CC=CC3=CC=CC=C32)C(C)(C)C,409
186,634,71311101,C24H26NP,359.4,CC(C)P(C1=CC=CC=C1N2C3=CC=CC=C3C4=CC=CC=C42)C(C)C,431
187,640,71317484,C19H16NOP,305.3,C1=CC=C(C=C1)P(C2=CC=CC=C2)C3=CC=CC=C3C=NO,329
188,642,71463645,C20H20NP,305.4,CC(C1=CC=CC=C1P(C2=CC=CC=C2)C3=CC=CC=C3)N,302
189,656,87081259,C26H21N2P,392.4,CN1C2=CC=CC=C2N=C1C3=CC=CC=C3P(C4=CC=CC=C4)C5=CC=CC=C5,495
190,665,98043674,C19H16NOP,305.3,C1=CC=C(C=C1)P(C2=CC=CC=C2)C3=CC=CC=C3C=NO,329
191,672,133554531,C13H22NP,223.29,CC(C)(C)P(C1=CC=CC=N1)C(C)(C)C,186
192,676,11505541,C24H21N2P,368.4,C1CCC2=C(P(C(=C2C1)C3=CC=CC=N3)C4=CC=CC=C4)C5=CC=CC=N5,443
193,681,141566,C10H17P,168.22,CCCCP1C=C(C(=C1)C)C,101
194,682,142235,C10H17P,168.22,CC1=CP(C=C1C)C(C)(C)C,124
195,687,85990699,C20H13F6P,398.3,C1=CC=C(C=C1)P(C2=CC=CC(=C2)C(F)(F)F)C3=CC=CC(=C3)C(F)(F)F,434
196,689,102015616,C8H7F4P,210.11,CP(C)C1=C(C(=CC(=C1F)F)F)F,162
197,692,86565,C24H51P,370.6,CCCCC(CC)CP(CC(CC)CCCC)CC(CC)CCCC,220
198,693,87563,C18H31P,278.4,CCCCCCP(CCCCCC)C1=CC=CC=C1,172
199,694,87564,C18H23P,270.3,CCCCCCP(C1=CC=CC=C1)C2=CC=CC=C2,196
200,695,88645,C9H13P,152.17,CC1=CC=C(C=C1)P(C)C,90
201,696,136265,C3H6F3P,130.05,CP(C)C(F)(F)F,55
202,697,136939,C10H16NP,181.21,CN(C)C1=CC=C(C=C1)P(C)C,126
203,698,137102,C3H3F6P,184.02,CP(C(F)(F)F)C(F)(F)F,97
204,700,142457,C19H29OP,304.4,COC1=CC=C(C=C1)P(C2CCCCC2)C3CCCCC3,268
205,707,303893,C19H14F3P,330.3,C1=CC=C(C=C1)P(C2=CC=CC=C2)C3=CC=CC=C3C(F)(F)F,338
206,709,449924,C12H27O3P,250.31,COCCCP(CCCOC)CCCOC,110
207,710,3015005,C12H33PSi3,292.62,C[Si](C)(C)CP(C[Si](C)(C)C)C[Si](C)(C)C,170
208,713,9807779,C24H24NOP,373.4,CC(C)C1COC(=N1)C2=CC=CC=C2P(C3=CC=CC=C3)C4=CC=CC=C4,475
209,716,10923529,C14H12F3P,268.21,C1=CC=C(C=C1)P(CC(F)(F)F)C2=CC=CC=C2,222
210,722,11394456,C16H13F6OP,366.24,C1=CC=C(C=C1)P(CC(C(F)(F)F)(C(F)(F)F)O)C2=CC=CC=C2,364
211,725,12092305,C4H5F6P,198.05,CCP(C(F)(F)F)C(F)(F)F,110
212,726,12176327,C12H21F6OP,326.26,CC(C)(C)P(CC(C(F)(F)F)(C(F)(F)F)O)C(C)(C)C,306
213,727,12596362,C18H15O2P,294.3,C1=CC=C(C=C1)P(C2=CC=CC=C2O)C3=CC=CC=C3O,294
214,728,13741332,C19H14F3P,330.3,C1=CC=C(C=C1)P(C2=CC=CC=C2)C3=CC=C(C=C3)C(F)(F)F,330
215,730,15809510,C6F15P,388.01,C(C(F)(F)P(C(C(F)(F)F)(F)F)C(C(F)(F)F)(F)F)(F)(F)F,334
216,732,15876355,C18H9F6P,370.2,C1=CC(=C(C(=C1)F)P(C2=C(C=CC=C2F)F)C3=C(C=CC=C3F)F)F,346
217,736,19927102,C21H18F3P,358.3,C1=CC(=CC=C1CF)P(C2=CC=C(C=C2)CF)C3=CC=C(C=C3)CF,310
218,738,21666514,C24H47P,366.6,CCCCCCCCCCCCP(C1CCCCC1)C2CCCCC2,271
219,740,23413213,C20H13F6P,398.3,C1=CC=C(C=C1)P(C2=CC=CC=C2C(F)(F)F)C3=CC=CC=C3C(F)(F)F,434
220,744,44541796,C15H10F7P,354.2,C1=CC=C(C=C1)P(C2=CC=CC=C2)C(C(F)(F)F)(C(F)(F)F)F,346
221,748,45277939,C8H10FP,156.14,CP(C)C1=CC=CC=C1F,103
222,750,57021878,C20H13F6P,398.3,C1=CC=C(C=C1)P(C2=CC=C(C=C2)C(F)(F)F)C3=CC=C(C=C3)C(F)(F)F,418
223,751,57827808,C19H15F2P,312.3,C1=CC=C(C=C1)P(CC2=C(C=C(C=C2)F)F)C3=CC=CC=C3,305
224,753,59804940,C21H17N2P,328.3,C1=CC=C(C=C1)P(C2=CC=CC=C2)C3=CC=CC=C3C4=CC=NN4,358
225,754,67359268,C17H33P,268.4,C1CCCCC(CCC1)P2CCCCCCCC2,182
226,769,101854817,C15H14F3O2P,314.24,COC1=CC=C(C=C1)P(C2=CC=C(C=C2)OC)C(F)(F)F,285
227,773,121241175,C23H20NOP,357.4,COC1=CC=CC=C1N2C=CC=C2P(C3=CC=CC=C3)C4=CC=CC=C4,400
228,776,132279236,C25H19FNP,383.4,C1=CC=C(C=C1)P(C2=CC=CC=C2)C3=CC=CC=C3C=NC4=CC=CC=C4F,465
229,777,134385898,C19H16FP,294.3,C1=CC=C(C=C1)P(CC2=CC=C(C=C2)F)C3=CC=CC=C3,268
230,779,135033290,C19H26F3P,342.4,C1CCC(CC1)P(C2CCCCC2)C3=CC=C(C=C3)C(F)(F)F,330
231,780,135033292,C19H26F3P,342.4,C1CCC(CC1)P(C2CCCCC2)C3=CC=CC=C3C(F)(F)F,338
232,783,271441,C26H19P,362.4,C1=CC=C(C=C1)P(C2=CC=CC3=CC=CC=C32)C4=CC=CC5=CC=CC=C54,433
233,784,273266,C16H20NP,257.31,CN(C)CCP(C1=CC=CC=C1)C2=CC=CC=C2,199
234,786,303889,C18H14ClP,296.7,C1=CC=C(C=C1)P(C2=CC=CC=C2)C3=CC=CC=C3Cl,263
235,787,316380,C11H15P,178.21,CC1CCP(C1)C2=CC=CC=C2,138
236,791,2828340,C15H17OP,244.27,CC(CP(C1=CC=CC=C1)C2=CC=CC=C2)O,189
237,799,290141,C13H15P,202.23,CC1=CP(C=C1C)CC2=CC=CC=C2,162
238,802,54435320,C3H6Cl3P,179.41,C(P(CCl)CCl)Cl,31
239,803,240511,C16H17O2P,272.28,COC(=O)CCP(C1=CC=CC=C1)C2=CC=CC=C2,250
240,804,253989,C14H14ClP,248.69,C1=CC=C(C=C1)P(CCCl)C2=CC=CC=C2,165
241,805,262046,C22H17P,312.3,C1=CC=C(C=C1)C2=CC=C(P2C3=CC=CC=C3)C4=CC=CC=C4,321
242,806,283633,C3H9O2P,108.08,CP(CO)CO,28
243,807,316379,C12H19P,194.25,CC(C)P(C1=CC=CC=C1)C(C)C,126
244,809,498820,C15H33P,244.4,CC(C)(C)CP(CC(C)(C)C)CC(C)(C)C,159
245,814,545348,C11H25P,188.29,CC(C)P(C(C)(C)C)C(C)(C)C,120
246,816,546133,C8H19P,146.21,CC(C)P(C)C(C)(C)C,79
247,817,560331,C8H17P,144.19,CC(C)(C)P1CCCC1,85
248,818,560783,C7H17P,132.18,CC(C)P(C)C(C)C,49
249,819,561154,C12H19P,194.25,CC(C)(C)P(C)CC1=CC=CC=C1,140
250,820,567830,C5H9P,100.1,CP1CC=CC1,58
251,822,579736,C9H13P,152.17,CCP(C)C1=CC=CC=C1,84
252,823,579954,C11H17P,180.23,CC(C)(C)P(C)C1=CC=CC=C1,128
253,824,580201,C10H15P,166.2,CC(C)P(C)C1=CC=CC=C1,103
254,825,582625,C13H25P,212.31,CP(C1CCCCC1)C2CCCCC2,137
255,829,605946,C17H26NP,275.4,C1CCC(CC1)P(C2CCCCC2)C3=CC=CC=N3,238
256,830,608029,C15H16ClP,262.71,C1=CC=C(C=C1)P(CCCCl)C2=CC=CC=C2,177
257,833,617448,C16H17P,240.28,C=CCCP(C1=CC=CC=C1)C2=CC=CC=C2,194
258,834,618661,C15H17PS,260.3,CSCCP(C1=CC=CC=C1)C2=CC=CC=C2,177
259,838,625548,C20H17P,288.3,C=CC1=CC=CC=C1P(C2=CC=CC=C2)C3=CC=CC=C3,294
260,839,627825,C19H15O2P,306.3,C1=CC=C(C=C1)P(C2=CC=CC=C2)C3=CC=CC(=C3)C(=O)O,340
261,840,628659,C21H16NP,313.3,C1=CC=C(C=C1)P(C2=CC=CC=C2)C3=CC=CC4=C3N=CC=C4,341
262,841,632385,C26H19P,362.4,C1=CC=C(C=C1)P(C2=CC=CC=C2)C3=CC=CC4=CC5=CC=CC=C5C=C43,443
263,846,635827,C12H13P,188.2,CC1=CP(C=C1C)C2=CC=CC=C2,151
264,848,637962,C6H13P,116.14,CP1CCCCC1,46
265,849,643593,C6H15P,118.16,CCCCP(C)C,33
266,850,2733417,C27H33P,388.5,CC1=CC(=C(C(=C1)C)P(C2=C(C=C(C=C2C)C)C)C3=C(C=C(C=C3C)C)C)C,393
267,852,2734569,C22H29P,324.4,CC1CCC(C(C1)P(C2=CC=CC=C2)C3=CC=CC=C3)C(C)C,320
268,853,2736327,C24H19OP,354.4,C1=CC=C(C=C1)P(C2=CC=CC=C2)C3=CC=CC=C3C4=CC=CC=C4O,394
269,855,2773819,C14H13O2P,244.22,C1=CC=C(C=C1)P(CC(=O)O)C2=CC=CC=C2,225
270,856,2775957,C19H17OP,292.3,COC1=CC=C(C=C1)P(C2=CC=CC=C2)C3=CC=CC=C3,268
271,857,2784070,C6H15O3P,166.16,CC(O)P(C(C)O)C(C)O,80
272,858,2784523,C11H15P,178.21,C1CCP(CC1)C2=CC=CC=C2,121
273,859,3258826,C20H26BO2P,340.2,B1(OC(P(C(O1)C(C)C)C2=CC=CC=C2)C(C)C)C3=CC=CC=C3,360
274,861,3758544,C20H19OP,306.3,COCC1=CC=CC=C1P(C2=CC=CC=C2)C3=CC=CC=C3,289
275,867,4405408,C20H19O2P,322.3,COC1=CC=CC=C1P(C2=CC=CC=C2)C3=CC=CC=C3OC,319
276,869,4460416,C11H13OP,192.19,C1CP(CCC1=O)C2=CC=CC=C2,175
277,870,4623363,C22H29P,324.4,CC1CCC(C(C1)P(C2=CC=CC=C2)C3=CC=CC=C3)C(C)C,320
278,872,4643316,C14H15OP,230.24,COC1=CC=CC=C1P(C)C2=CC=CC=C2,201
279,875,5323725,C8H17P,144.19,CP(C)C1CCCCC1,72
280,877,6312190,C27H21P,376.4,C1=CC=C(C=C1)P(C2C3=CC=CC=C3C=CC4=CC=CC=C24)C5=CC=CC=C5,468
281,879,6432597,C7H17P,132.18,CCCP(C)CCC,37
282,880,9841764,C23H22NOP,359.4,C1C(N=C(O1)C2=CC=CC=C2)CCP(C3=CC=CC=C3)C4=CC=CC=C4,429
283,882,9927860,C21H26NOP,339.4,CC(C)(C)C1=NC(CO1)CCP(C2=CC=CC=C2)C3=CC=CC=C3,398
284,883,9943870,C20H19P,290.3,CC1=CC=CC=C1P(C2=CC=CC=C2)C3=CC=CC=C3C,285
285,884,10178350,C28H21P,388.4,C1C2=C(C3=CC=CC=C3C=C2)C4=C(CP1C5=CC=CC=C5)C=CC6=CC=CC=C64,511
286,886,10563135,C16H13OP,252.25,C1=CC=C(C=C1)P(C2=CC=CC=C2)C3=CC=CO3,226
287,889,10755942,C18H27OP,290.4,C1CCC(CC1)P(C2CCCCC2)C3=CC=CC=C3O,263
288,890,10856275,C12H15P,190.22,CC1=C(CP(C1)C2=CC=CC=C2)C,197
289,892,10897910,C21H21O2P,336.4,COC(C1=CC=CC=C1P(C2=CC=CC=C2)C3=CC=CC=C3)OC,328
290,895,10930485,C20H20NP,305.4,CN(C)C1=CC=CC=C1P(C2=CC=CC=C2)C3=CC=CC=C3,300
291,896,10942763,C10H11P,162.17,C1C=CCP1C2=CC=CC=C2,137
292,897,10947629,C23H27P,334.4,CC1=C(C(=C(C1CCP(C2=CC=CC=C2)C3=CC=CC=C3)C)C)C,444
293,899,10954387,C12H17P,192.24,CC1CCC(P1C2=CC=CC=C2)C,151
294,904,10979688,C19H19N2P,306.3,CN(C)C1=CC(=NC=C1)P(C2=CC=CC=C2)C3=CC=CC=C3,303
295,905,11009555,C14H23P,222.31,CC(C)CP(CC(C)C)C1=CC=CC=C1,147
296,906,11022600,C19H15OP,290.3,C1=CC=C(C=C1)P(C2=CC=CC=C2)C3=CC=C(C=C3)C=O,292
297,907,11023108,C20H17OP,304.3,CC(=O)C1=CC=CC=C1P(C2=CC=CC=C2)C3=CC=CC=C3,337
298,908,11061024,C15H17OP,244.27,COCCP(C1=CC=CC=C1)C2=CC=CC=C2,177
299,910,11108318,C12H12BrP,267.1,CC1=CP(C(=C1C)Br)C2=CC=CC=C2,189
300,912,11162984,C20H17O2P,320.3,COC(=O)C1=CC=C(C=C1)P(C2=CC=CC=C2)C3=CC=CC=C3,346
301,913,11166387,C18H22NP,283.3,C1CCC(C(C1)N)P(C2=CC=CC=C2)C3=CC=CC=C3,263
302,914,11170394,C15H25P,236.33,CC(C)(C)P(CC1=CC=CC=C1)C(C)(C)C,187
303,915,11170883,C27H30NP,399.5,CC1(C2CCC1(C(C2P(C3=CC=CC=C3)C4=CC=CC=C4)C5=CC=CC=N5)C)C,543
304,916,11198787,C22H19O2P,346.4,C=CCOC(=O)C1=CC=CC=C1P(C2=CC=CC=C2)C3=CC=CC=C3,406
305,919,11230015,C13H13PS,232.28,C1=CC=C(C=C1)P(CS)C2=CC=CC=C2,153
306,920,11233124,C18H14BrP,341.2,C1=CC=C(C=C1)P(C2=CC=CC=C2)C3=CC(=CC=C3)Br,263
307,923,11251692,C21H22NP,319.4,CC(C)(C)C1=NC(=CC=C1)P(C2=CC=CC=C2)C3=CC=CC=C3,331
308,925,11255148,C20H17OP,304.3,CC(=O)C1=CC=C(C=C1)P(C2=CC=CC=C2)C3=CC=CC=C3,329
309,926,11256561,C24H29P,348.5,CC(C)(C)P(C1=CC=CC=C1C2=CC=CC3=CC=CC=C32)C(C)(C)C,412
310,927,11266196,C15H15OPS,274.3,CC(=O)SCP(C1=CC=CC=C1)C2=CC=CC=C2,239
311,928,11277648,C19H14NP,287.3,C1=CC=C(C=C1)P(C2=CC=CC=C2)C3=CC=C(C=C3)C#N,333
312,929,11281356,C21H15O6P,394.3,C1=CC(=CC(=C1)P(C2=CC=CC(=C2)C(=O)O)C3=CC=CC(=C3)C(=O)O)C(=O)O,513
313,932,11347260,C21H21P,304.4,CC1=CC(=C(C(=C1)C)P(C2=CC=CC=C2)C3=CC=CC=C3)C,297
314,933,11348396,C23H33P,340.5,CC(C)C1=CC=CC=C1C2=CC=CC=C2P(C(C)(C)C)C(C)(C)C,370
315,935,11357708,C16H19N2P,270.31,C1CCC(CC1)P(C2=CC=CC=N2)C3=CC=CC=N3,248
316,939,11439040,C21H19O2P,334.3,CCOC(=O)C1=CC=C(C=C1)P(C2=CC=CC=C2)C3=CC=CC=C3,359
317,940,11445919,C22H18NP,327.4,CC1=NC2=C(C=CC=C2P(C3=CC=CC=C3)C4=CC=CC=C4)C=C1,367
318,941,11482564,C16H13PS,268.3,C1=CC=C(C=C1)P(C2=CC=CC=C2)C3=CC=CS3,226
319,944,11530694,C22H28N3P,365.5,CC(C)(C)P(C1=C(N(N=N1)C2=CC=CC=C2)C3=CC=CC=C3)C(C)(C)C,427
320,946,11658845,C14H17PS,248.33,CC1CCC(P1C2=CSC3=CC=CC=C32)C,245
321,947,11804814,C8H9P,136.13,C1CP1C2=CC=CC=C2,90
322,948,11818525,C19H14NP,287.3,C1=CC=C(C=C1)P(C2=CC=CC=C2)C3=CC=CC(=C3)C#N,341
323,951,11984351,C21H22NOP,335.4,CC(C)(C)OC1=NC(=CC=C1)P(C2=CC=CC=C2)C3=CC=CC=C3,351
324,956,12059788,C16H29N2P,280.39,CCN(CC)CP(CN(CC)CC)C1=CC=CC=C1,195
325,957,12077669,C16H21PSi,272.4,C[Si](C)(C)CP(C1=CC=CC=C1)C2=CC=CC=C2,216
326,961,12126016,C20H19P,290.3,C1=CC=C(C=C1)CCP(C2=CC=CC=C2)C3=CC=CC=C3,252
327,962,12126363,C10H15P,166.2,CCCP(C)C1=CC=CC=C1,95
328,963,12144885,C18H16NP,277.3,C1=CC=C(C=C1)P(CC2=CC=CC=N2)C3=CC=CC=C3,251
329,965,12168336,C19H27OP,302.4,C1CCC(CC1)P(C2CCCCC2)C3=CC=CC=C3C=O,300
330,968,12449296,C17H14NP,263.27,C1=CC=C(C=C1)P(C2=CC=CC=C2)C3=CC=NC=C3,232
331,970,12489533,C10H15O2P,198.2,CC(O)P(C1=CC=CC=C1)C(C)O,138
332,971,12490055,C14H15P,214.24,CP(CC1=CC=CC=C1)C2=CC=CC=C2,166
333,972,12502741,C7H13O4P,192.15,CC(=O)OCP(C)COC(=O)C,151
334,973,12520755,C20H19O2P,322.3,C1=CC=C(C=C1)C(O)P(C2=CC=CC=C2)C(C3=CC=CC=C3)O,307
335,974,12523345,C6H9O6P,208.11,C(C(=O)O)P(CC(=O)O)CC(=O)O,187
336,975,12534228,C17H19P,254.31,C=CCCCP(C1=CC=CC=C1)C2=CC=CC=C2,206
337,978,12557524,C12H17Cl2P,263.14,C1=CC=C(C=C1)P(CCCCl)CCCCl,139
338,979,12567558,C14H13P,212.23,C1C2=CC=CC=C2CP1C3=CC=CC=C3,193
339,980,12575260,C19H15P,274.3,C1=CC=C(C=C1)CP2C3=CC=CC=C3C4=CC=CC=C42,298
340,981,12591420,C18H17N2P,292.3,C1=CC=C(C=C1)P(C2=CC=CC(=C2)N)C3=CC=CC(=C3)N,294
341,982,12591421,C18H18N3P,307.3,C1=CC(=CC(=C1)P(C2=CC=CC(=C2)N)C3=CC=CC(=C3)N)N,299
342,983,12603439,C10H23P,174.26,CCP(C(C)(C)C)C(C)(C)C,99
343,984,12643179,C16H19OP,258.29,C1=CC=C(C=C1)P(CCCCO)C2=CC=CC=C2,189
344,985,12704068,C8H11OP,154.15,CP(CO)C1=CC=CC=C1,89
345,986,12706087,C7H13P,128.15,CC1=C(CP(C1)C)C,110
346,987,12716772,C9H15P,154.19,C1CC1P(C2CC2)C3CC3,114
347,988,12758688,C11H11P,174.18,CC1=CP(C=C1)C2=CC=CC=C2,138
348,989,12793992,C15H29P,240.36,CCCP(C1CCCCC1)C2CCCCC2,160
349,990,12829635,C14H11P,210.21,C1=CC=C(C=C1)P2C=CC3=CC=CC=C32,207
350,993,12904071,C3H7Cl2P,144.96,CP(CCl)CCl,28
351,995,12914046,C23H21OP,344.4,C1C(P(C(CC1=O)C2=CC=CC=C2)C3=CC=CC=C3)C4=CC=CC=C4,399
352,996,12934588,C20H17N2P,316.3,CN1C2=CC=CC=C2N=C1P(C3=CC=CC=C3)C4=CC=CC=C4,358
353,998,12977240,C20H19O2P,322.3,COC1=C(C(=CC=C1)OC)P(C2=CC=CC=C2)C3=CC=CC=C3,307
354,999,12983241,C14H11O2P,242.21,C1=CC=C(C=C1)P(C2=CC=CO2)C3=CC=CO3,224
355,1000,13015643,C3H8ClP,110.52,CP(C)CCl,20
356,1001,13087553,C11H17P,180.23,CCP(CC)C1=CC=C(C=C1)C,110
357,1002,13087570,C20H19OP,306.3,CCOC1=CC=CC=C1P(C2=CC=CC=C2)C3=CC=CC=C3,289
358,1003,13087614,C22H23O4P,382.4,COC1=C(C(=CC=C1)OC)P(C2=CC=CC=C2)C3=C(C=CC=C3OC)OC,375
359,1004,13126496,C5H7P,98.08,CP1C=CC=C1,37
360,1005,13126497,C6H9P,112.11,CC1=CP(C=C1)C,61
361,1006,13128713,C9H15P,154.19,C1C2CC3CC1CP(C2)C3,114
362,1007,13153790,C20H15P,286.3,C1=CC=C(C=C1)C2=CC3=CC=CC=C3P2C4=CC=CC=C4,327
363,1009,13530500,C22H31P,326.5,CC(C)C1=CC(=C(C(=C1)C(C)C)P(C)C2=CC=CC=C2)C(C)C,322
364,1011,13661226,C21H31O3PSi,390.5,CCO[Si](CCCP(C1=CC=CC=C1)C2=CC=CC=C2)(OCC)OCC,322
365,1013,13741333,C20H17O2P,320.3,COC(=O)C1=CC=CC=C1P(C2=CC=CC=C2)C3=CC=CC=C3,354
366,1014,13836128,C5H13P,104.13,CCP(C)CC,23
367,1015,13981481,C15H17P,228.27,CP(CC1=CC=CC=C1)CC2=CC=CC=C2,158
368,1016,14026308,C14H17P,216.26,CC1=C(P(C(=C1C)C)C2=CC=CC=C2)C,193
369,1017,14111289,C13H19P,206.26,CP(C1CCCCC1)C2=CC=CC=C2,155
370,1018,14178408,C12H27P,202.32,CCC(C)P(C(C)CC)C(C)CC,98
371,1019,14178411,C5H11P,102.11,CP1CCCC1,37
372,1022,14902743,C15H15O2P,258.25,CC(C(=O)O)P(C1=CC=CC=C1)C2=CC=CC=C2,250
373,1023,14919642,C14H14NP,227.24,CN1C2=CC=CC=C2P(C3=CC=CC=C31)C,231
374,1024,14940223,C21H15P,298.3,CP1C2=C(C3=CC=CC=C3C=C2)C4=C1C=CC5=CC=CC=C54,380
375,1027,14967038,C11H11P,174.18,C1=CC=C(C=C1)CP2C=CC=C2,121
376,1028,15265270,C20H19OP,306.3,C1=CC=C(C=C1)P(C2=CC=CC=C2)C3=CC=CC=C3CCO,289
377,1029,15265671,C10H14BrP,245.1,CCP(CC)C1=CC=CC=C1Br,123
378,1030,15300448,C26H31OP,390.5,CC(C)(C)C1=CC(=C(C(=C1)P(C2=CC=CC=C2)C3=CC=CC=C3)O)C(C)(C)C,458
379,1032,15347979,C16H18ClP,276.74,C1=CC=C(C=C1)P(CCCCCl)C2=CC=CC=C2,189
380,1034,15398911,C12H20NP,209.27,CC(C)P(CC1=CC=CC=N1)C(C)C,148
381,1037,15441369,C18H15O3P,310.3,C1=CC(=CC=C1O)P(C2=CC=C(C=C2)O)C3=CC=C(C=C3)O,275
382,1039,15529332,C18H17OP,280.3,COC1=C(C2=CC=CC=C2C=C1)P(C)C3=CC=CC=C3,300
383,1040,15584974,C14H23P,222.31,CCC(C)P(C1=CC=CC=C1)C(C)CC,151
384,1041,15608185,C8H17P,144.19,CC(C)P1CCCCC1,72
385,1042,15797837,C20H15O4P,350.3,C1=CC=C(C=C1)P(C2=CC=C(C=C2)C(=O)O)C3=CC=C(C=C3)C(=O)O,424
386,1047,16767594,C20H15N2OP,330.3,C1=CC=C(C=C1)C2=NN=C(O2)P(C3=CC=CC=C3)C4=CC=CC=C4,358
387,1048,19802095,C18H16NOP,293.3,COC1=NC(=CC=C1)P(C2=CC=CC=C2)C3=CC=CC=C3,282
388,1049,20287256,C23H45P,352.6,CC1CCC(C(C1)P(C2CC(CCC2C(C)C)C)C(C)C)C(C)C,340
389,1050,20323571,C10H14ClP,200.64,CCP(CC)C1=CC=C(C=C1)Cl,115
390,1053,21678446,C21H41P,324.5,CC1CCC(C(C1)P(C)C2CC(CCC2C(C)C)C)C(C)C,303
391,1054,22561089,C21H21P,304.4,CC(CP(C1=CC=CC=C1)C2=CC=CC=C2)C3=CC=CC=C3,277
392,1056,22609699,C20H19OP,306.3,COCC1=CC=C(C=C1)P(C2=CC=CC=C2)C3=CC=CC=C3,281
393,1057,23279892,C6H9P,112.11,CC1=CC=CP1C,61
394,1058,23413202,C14H21P,220.29,CC1C(P(C1(C)C)C2=CC=CC=C2)(C)C,220
395,1061,57228261,C22H18NO2P,359.4,C1=CC=C(C=C1)P(CCN2C(=O)C3=CC=CC=C3C2=O)C4=CC=CC=C4,468
396,1066,59365471,C23H24NOP,361.4,CCN(CC)C(=O)C1=CC=CC=C1P(C2=CC=CC=C2)C3=CC=CC=C3,406
397,1069,74032032,C11H15P,178.21,CC1CCCP1C2=CC=CC=C2,138
398,1071,85781475,C21H19OP,318.3,CC1=CC=CC=C1P(C2=CC=CC=C2C)C3=CC=CC=C3C=O,360
399,1074,86229780,C22H31O2P,358.5,CCCCP(CCCC)C1=CC=CC=C1C2=C(C=CC=C2OC)OC,329
400,1075,90317339,C22H19N2OP,358.4,COC1=CC=CC=C1N2C=CN=C2P(C3=CC=CC=C3)C4=CC=CC=C4,404
401,1078,102102626,C20H18BrP,369.2,C1=CC=C(C=C1)P(CCC2=CC=C(C=C2)Br)C3=CC=CC=C3,281
402,1091,142439,C12H17P,192.24,CC1CCC(P1C2=CC=CC=C2)C,151
403,1093,611129,C8H6F5P,228.1,CP(C)C1=C(C(=C(C(=C1F)F)F)F)F,184
404,1094,4403069,C18H15OP,278.3,C1=CC=C(C=C1)P(C2=CC=CC=C2)C3=CC=CC(=C3)O,263
405,1097,10959781,C12H18FOP,228.24,CC(C)P(C1=C(C=CC(=C1)F)O)C(C)C,188
406,1100,12866553,C13H3F10P,380.12,CP(C1=C(C(=C(C(=C1F)F)F)F)F)C2=C(C(=C(C(=C2F)F)F)F)F,371
407,1101,13005281,C18H14FP,280.3,C1=CC=C(C=C1)P(C2=CC=CC=C2)C3=CC=CC=C3F,263
408,1102,13005282,C18H13F2P,298.3,C1=CC=C(C=C1)P(C2=CC=CC=C2F)C3=CC=CC=C3F,294
409,1103,13005283,C18H12F3P,316.3,C1=CC=C(C(=C1)F)P(C2=CC=CC=C2F)C3=CC=CC=C3F,299
410,1105,19067329,C24H17F2OP,390.4,C1=CC=C(C(=C1)C2=CC=CC=C2P(C3=CC=CC(=C3)F)C4=CC=CC(=C4)F)O,467
411,1112,86007909,C24H29F2P,386.5,C1CCC(CC1)P(C2CCCCC2)C3=CC=CC=C3C4=C(C=CC=C4F)F,416
412,1115,106048,C8H15O2P,174.18,CC(=C)C(=O)OCCP(C)C,152
413,1126,55373,C24H30N3P,391.5,CC1=CC=C(C=C1)NCP(CNC2=CC=C(C=C2)C)CNC3=CC=C(C=C3)C,346
414,1209,71310783,C18H29O2P,308.4,CC1(OCCO1)C2=CC=CC=C2P(C(C)(C)C)C(C)(C)C,333
415,1381,139642,C12H13P,188.2,CC1=CC=C(P1C2=CC=CC=C2)C,151
416,1382,142196,C8H13P,140.16,CCCCP1C=CC=C1,65
417,1412,4499093,C11H14F4NP,267.2,CC(C)P(C1=C(C(=NC(=C1F)F)F)F)C(C)C,230
418,1416,10870301,C18H21O2P,300.3,CC1(OCC(O1)CP(C2=CC=CC=C2)C3=CC=CC=C3)C,301
419,1429,11208573,C16H21O3P,292.31,CC12CC3(OC(O1)(CC(O2)(P3C4=CC=CC=C4)C)C)C,407
420,1442,12844530,C5H4F9P,266.04,C(CP(C(F)(F)F)C(F)(F)F)C(F)(F)F,184
421,1446,15782313,C18H12F3O3P,364.3,C1=CC(=C(C(=C1)F)P(C2=C(C=CC=C2F)O)C3=C(C=CC=C3F)O)O,382
422,1448,15876353,C18H13F2P,298.3,C1=CC=C(C=C1)P(C2=CC=CC=C2)C3=C(C=CC=C3F)F,282
423,1449,15876354,C18H11F4P,334.2,C1=CC=C(C=C1)P(C2=C(C=CC=C2F)F)C3=C(C=CC=C3F)F,328
424,1450,16038578,C21H18F3P,358.3,CC1=C(C=C(C=C1)F)P(C2=C(C=CC(=C2)F)C)C3=C(C=CC(=C3)F)C,370
425,1469,49843706,C14H12F3P,268.21,CP(C1=CC=CC=C1)C2=CC=CC=C2C(F)(F)F,258
426,1470,53239810,C20H15F4PS,394.4,C1=CC=C(C=C1)P(CCSC2=C(C(=CC(=C2F)F)F)F)C3=CC=CC=C3,383
427,1482,71195244,C13H8F3P,252.17,C1=CC=C2C(=C1)C3=CC=CC=C3P2C(F)(F)F,267
428,1484,71360527,C14H17F6P,330.25,CC(C)P(C1=CC(=CC(=C1)C(F)(F)F)C(F)(F)F)C(C)C,303
429,1485,71362693,C25H19FNP,383.4,C1=CC=C(C=C1)P(C2=CC=CC=C2)C3=CC=CC=C3C=NC4=CC=C(C=C4)F,457
430,1499,85934860,C14H22FO2P,272.29,CC(C)P(C1=C(C=CC(=C1)F)OCOC)C(C)C,228
